ID,risk_score
KYW1,1.5843745223423724
KYW2,0.6741762527237741
KYW3,-0.08152750640822212
KYW4,1.7400587541981352
KYW5,1.2019813807212028
KYW6,1.2340561112923156
KYW7,0.4599421970369611
KYW8,0.8304746685299397
KYW9,-0.33885357717010445
KYW10,-0.5467873177768485
KYW11,1.5236839127843085
KYW12,0.35319395509928797
KYW13,0.6381258655991127
KYW14,-0.05177266178974267
KYW15,0.003497507764168864
KYW16,-0.38764598650361926
KYW17,-0.3741511425331798
KYW18,-0.008863837894077964
KYW19,2.072715836032182
KYW20,1.4534434459237269
KYW21,1.926439773942097
KYW22,0.6904800095819384
KYW23,-0.026985401631662177
KYW24,2.079059034836315
KYW25,0.3335902103489756
KYW26,-0.5605845827007827
KYW27,0.7408464317391168
KYW28,0.03409336730213272
KYW29,0.024215622061917436
KYW30,0.5388574371722481
KYW31,-0.6689979068124212
KYW32,0.9571216419059407
KYW33,0.963873004956241
KYW34,-0.41931749708635346
KYW35,2.1390862828268395
KYW36,2.1924534333941934
KYW37,-0.11161322746790535
KYW38,0.106047761186751
KYW39,-0.9759642475806496
KYW40,1.5092435348099824
KYW41,2.0033326281003427
KYW42,0.30437946895878987
KYW43,0.789451986095299
KYW44,0.5794450707548661
KYW45,-0.5078415376046092
KYW46,0.49943051341659556
KYW47,0.3187275725309565
KYW48,0.31508730510574556
KYW49,-0.3945882451486774
KYW50,1.8708109061366358
KYW51,-0.6248187755210393
KYW52,1.894249449836789
KYW53,-0.12026565201032459
KYW54,-0.25442882198360556
KYW55,0.03236456326268797
KYW56,-0.3768870925625216
KYW57,-0.02608862172189096
KYW58,0.2818674851062717
KYW59,-0.5101640866971371
KYW60,-0.524396231478836
KYW61,-0.008565791415612076
KYW62,0.8801140759821986
KYW63,0.5552722808901518
KYW64,0.08596518149296836
KYW65,-0.18250266000277207
KYW66,1.479468176656817
KYW67,2.155073315028558
KYW68,-0.9347082375254591
KYW69,1.6120979309291334
KYW70,-0.08842988243185232
KYW71,0.6852819839882175
KYW72,-0.2837161168762291
KYW73,-0.604763744026704
KYW74,-0.0935218262266864
KYW75,0.5095933172949194
KYW76,0.44582287618013794
KYW77,0.8864597891003541
KYW78,0.8028541969743895
KYW79,1.1691609688064362
KYW80,-0.702270153033933
KYW81,-0.8361061928525626
KYW82,0.6888928173902866
KYW83,0.6361283875717008
KYW84,1.3612293476707882
KYW85,0.04973544566655941
KYW86,-0.1185909975529049
KYW87,0.8914977288112521
KYW88,0.6355457448182904
KYW89,-0.43392580099255307
KYW90,0.4792601577497605
KYW91,0.845259390646591
KYW92,0.998704653806733
KYW93,0.3072692384404137
KYW94,-0.5308906592840219
KYW95,-0.6852410791166351
KYW96,-0.7301731497593074
KYW97,0.05541062767592386
KYW98,-0.30152182641317793
KYW99,0.9306855410168727
KYW100,0.6613924021317672
KYW101,0.04355592720609637
KYW102,-0.6580842569342127
KYW103,2.1406679107028346
KYW104,1.4368925671362909
KYW105,1.4323332600879723
KYW106,1.4406667938680346
KYW107,0.33981274025720576
KYW108,-0.1317357469468836
KYW109,0.15861564542473758
KYW110,1.7482118753006928
KYW111,0.055190581448464684
KYW112,0.0392541792838392
KYW113,1.4898847929715715
KYW114,2.51096567773471
KYW115,1.9972722517719206
KYW116,-0.24605573569557923
KYW117,1.3142182375315903
KYW118,-0.04604915854017455
KYW119,1.2380766630512574
KYW120,-0.1352500147570768
KYW121,0.9397520481582684
KYW122,-0.44278732681363053
KYW123,0.46735494952637646
KYW124,-0.17002026751139798
KYW125,0.3669229200316313
KYW126,1.1524909695918768
KYW127,-0.20686812615102312
KYW128,1.362509299150724
KYW129,-0.49061876172708097
KYW130,0.494867333817791
KYW131,0.5582448219981028
KYW132,1.3861560350270898
KYW133,0.82774892612514
KYW134,0.8580639599251482
KYW135,-0.47937904007362686
KYW136,1.3881944927446204
KYW137,-0.7685894651157341
KYW138,0.7002818417909777
KYW139,-0.21802886277734604
KYW140,2.6422232679061306
KYW141,2.12586056823036
KYW142,0.6137977991243799
KYW143,1.5673887046399755
KYW144,0.9513879934594976
KYW145,-0.24142735836084422
KYW146,-0.5386257752232789
KYW147,-0.798071654869954
KYW148,2.873951405066799
KYW149,-2.2282207097975353
KYW150,-1.0189122557514172
KYW151,1.6960984601664815
KYW152,1.2034282362134892
KYW153,-0.43119274819334485
KYW154,-0.2929123208591694
KYW155,-0.3733196834839768
KYW156,0.7150278733184763
KYW157,0.25821930032076534
KYW158,-0.5976811655835633
KYW159,-0.6254909312967236
KYW160,0.32553690210338393
KYW161,0.7128241820331311
KYW162,1.080055989013986
KYW163,1.0051218007998228
KYW164,1.6890832242537868
KYW165,0.5074866006968305
KYW166,0.5797712935656196
KYW167,3.2455655775993013
KYW168,0.7552226797503977
KYW169,-0.3026009179557158
KYW170,1.6334041259092151
KYW171,1.1802224081762531
KYW172,0.020299492667409207
KYW173,0.057152274742799186
KYW174,-0.7444965456792322
KYW175,2.044305225551566
KYW176,-0.5526073524930402
KYW177,0.8805291684625148
KYW178,1.2478311554821868
KYW179,-0.2039116068332723
KYW180,-0.09359582661589946
KYW181,0.32245252833853233
KYW182,1.9642283878772
KYW183,0.6027193496576763
KYW184,1.1385225342126533
KYW185,-0.3106322379268739
KYW186,2.5402846194269166
KYW187,-0.2162377887155606
KYW188,-0.3217886350730746
KYW189,1.3798769216897357
KYW190,0.20366613080136498
KYW191,0.2713847644153612
KYW192,0.14753722953543227
KYW193,-0.9638376695735629
KYW194,-0.7480465863389595
KYW195,0.4276761562000981
KYW196,-0.6087093022181039
KYW197,1.50342689741175
KYW198,-0.8199509119785171
KYW199,-0.26373745464499704
KYW200,0.23088465750125606
KYW201,3.1350798234256985
KYW202,2.0999426056478088
KYW203,2.0840340205816057
KYW204,-0.657083933093499
KYW205,-0.8384803724492493
KYW206,0.8767631247089391
KYW207,-0.564120778455921
KYW208,-0.3265206351153156
KYW209,1.4112709710997144
KYW210,1.7888781832242928
KYW211,1.2125982596193736
KYW212,-0.9386598896058156
KYW213,1.620958025871192
KYW214,0.2760345323531068
KYW215,-0.07936243895651696
KYW216,1.2194411978965354
KYW217,-0.3869680969198371
KYW218,0.3055892938991571
KYW219,0.9922285837254866
KYW220,0.9516149048299689
KYW221,-0.8570789206670685
KYW222,-0.6049811757000576
KYW223,2.7837461125158507
KYW224,1.7233366564772392
KYW225,0.5458504273226894
KYW226,0.856486004909718
KYW227,-0.5474389047720795
KYW228,0.2840820654915802
KYW229,-0.34869656292088347
KYW230,2.1936642860737607
KYW231,-0.24426627160347808
KYW232,0.9199365106359234
KYW233,0.0037759030331224464
KYW234,-0.5991693035909096
KYW235,1.0658996680217094
KYW236,0.21237003612124944
KYW237,-0.14346750492135965
KYW238,-0.3557499875636645
KYW239,-0.1273614368722019
KYW240,0.4325164878419827
KYW241,-0.9363394604832274
KYW242,0.03347952562511059
KYW243,-0.1386438876499845
KYW244,-0.6481356225331178
KYW245,-0.6248063049894609
KYW246,0.07297158955536938
KYW247,-1.2413718378670309
KYW248,-0.6170489094035778
KYW249,-0.6796926439234452
KYW250,1.9451802310274344
KYW251,1.0206890971465823
KYW252,0.6655163821737661
KYW253,0.31414178679289706
KYW254,-0.11353636441665134
KYW255,-0.541704775290302
KYW256,-1.5609341250214133
KYW257,-0.3197644623783046
KYW258,0.7549577236223318
KYW259,-0.06337573258937979
KYW260,-0.6709742121433656
KYW261,1.1886401380560234
KYW262,0.3279289185601275
KYW263,0.26065809582476007
KYW264,-1.1514014678154931
KYW265,0.11651849595974022
KYW266,0.4925200360880241
KYW267,0.560765448555621
KYW268,0.5834643976219022
KYW269,-0.14868460378347037
KYW270,0.3647204422461075
KYW271,1.5899898499958207
KYW272,0.3761339668097775
KYW273,0.6497117906763348
KYW274,1.6256975151616415
KYW275,0.5796576247978407
KYW276,0.06343647803545452
KYW277,1.147394308467927
KYW278,1.9437068527903132
KYW279,1.4411709629142653
KYW280,-0.29512644013114653
KYW281,-0.6166451306380247
KYW282,0.7722774395472309
KYW283,1.9267978904070626
KYW284,-0.3679103428955966
KYW285,0.02149381542498338
KYW286,0.37223761853768944
KYW287,-0.525559539931395
KYW288,0.2969160102363188
KYW289,-0.7031987339022548
KYW290,-0.3202995936398363
KYW291,-0.9545348693903853
KYW292,1.3165685895946508
KYW293,0.16105265806840305
KYW294,-0.1990389874797441
KYW295,-0.8663003053970701
KYW296,0.3746729221483617
KYW297,-0.16095103624935528
KYW298,0.497916901367528
KYW299,-0.7284761515593685
KYW300,1.0950083962559025
KYW301,1.5782638318478457
KYW302,-1.1670202265817808
KYW303,-0.11079558905105759
KYW304,-0.4185777087631094
KYW305,0.08586199012625356
KYW306,1.3488984257733576
KYW307,0.6754391524503688
KYW308,-0.33259701034483946
KYW309,-0.4913155980103355
KYW310,0.11344686225242204
KYW311,-0.289037059338519
KYW312,0.27906867884364833
KYW313,-0.24344149396453582
KYW314,1.4291061779437837
KYW315,1.5415448902378872
KYW316,-0.4107480591520769
KYW317,-0.31883568313133154
KYW318,-0.8835417525574056
KYW319,1.4550112498048777
KYW320,-0.7513396769584314
KYW321,1.403983015182225
KYW322,2.8882692922249964
KYW323,-0.5835712916322375
KYW324,-0.46074996173052196
KYW325,-0.19577749944508793
KYW326,0.0812234950682479
KYW327,0.8094952902773899
KYW328,0.38964843742605687
KYW329,0.8157763899112395
KYW330,1.3114311403874876
KYW331,0.6929000194769108
KYW332,0.8559069898968695
KYW333,-0.18066593852445537
KYW334,-0.7285593775590755
KYW335,1.3085480195568702
KYW336,-0.3213862263460797
KYW337,1.5505889571178446
KYW338,-0.7569120014184423
KYW339,2.1527764768501556
KYW340,-1.400603557984425
KYW341,-0.1412838850422044
KYW342,-0.5401149572208912
KYW343,-0.39981001144960704
KYW344,0.5165949354955736
KYW345,-0.050701514555831745
KYW346,0.011852918707417975
KYW347,1.830258952813405
KYW348,2.0644368555070702
KYW349,-0.7263675274834687
KYW350,0.08045718627522709
KYW351,1.1113912952768654
KYW352,0.3413746773446862
KYW353,1.0094990516163433
KYW354,0.4693893450626197
KYW355,1.9864318652971515
KYW356,0.3760465744387616
KYW357,0.2808305850030713
KYW358,0.05188457533265811
KYW359,-0.512621523266209
KYW360,0.8933365342054086
KYW361,0.3388191645608017
KYW362,1.4475455840828384
KYW363,1.6038859613114635
KYW364,1.199473577928115
KYW365,1.6519222991880065
KYW366,-0.6973914530023078
KYW367,-0.4281141190585548
KYW368,-0.020221078401687482
KYW369,-0.38310823032840474
KYW370,0.5009901701775021
KYW371,2.529962287269884
KYW372,-0.34186720076302535
KYW373,-0.9304776907313245
KYW374,0.683433500738744
KYW375,0.4649630815243919
KYW376,1.1753781906452807
KYW377,1.4875880403039266
KYW378,0.2973864753044911
KYW379,1.5192824909167344
KYW380,0.4230117305549647
KYW381,0.4857259771073215
KYW382,1.9205247830902812
KYW383,0.8590515039660696
KYW384,2.452570905371452
KYW385,-0.5754429989907193
KYW386,0.8588531664074692
KYW387,1.715107702147143
KYW388,0.30232615643643806
KYW389,0.7136389546451214
KYW390,0.1445656536564432
KYW391,-0.6563621919246327
KYW392,0.22942696704063428
KYW393,2.368056295424596
KYW394,-0.2816419039616636
KYW395,-0.2555320480502173
KYW396,1.969377175843964
KYW397,-0.21923585190290532
KYW398,1.0004671651681591
KYW399,0.3719047596523719
KYW400,2.236945584255076
KYW401,0.2938092971060219
KYW402,1.047815572893191
KYW403,2.3067684358758265
KYW404,-0.24400226474058792
KYW405,-0.12339985661237514
KYW406,1.4967095867993225
KYW407,-0.4709266199245086
KYW408,0.017605465980645395
KYW409,-0.5580195560655694
KYW410,0.3559075630809727
KYW411,0.7913225222918935
KYW412,-1.0224253856607786
KYW413,3.063884478278949
KYW414,1.5081123385041304
KYW415,-0.5133450626028465
KYW416,0.02455559568105567
KYW417,1.2057646339153059
KYW418,1.5487372180661942
KYW419,-0.34830371963702556
KYW420,-0.17407816225857778
KYW421,2.9167592835717495
KYW422,1.1618279904469648
KYW423,-0.24732834773746634
KYW424,0.8102788685250442
KYW425,1.1264628995084212
KYW426,-0.314664608087312
KYW427,0.11239643712265912
KYW428,1.539035345687849
KYW429,0.35132436680187484
KYW430,-0.5529129886022567
KYW431,-0.6300960047631954
KYW432,-0.5629303473282745
KYW433,-0.15023381782660317
KYW434,-0.15078209082182598
KYW435,0.30897589971218414
KYW436,-0.013364914611538603
KYW437,-0.08350532086128486
KYW438,-1.0161364224643283
KYW439,-0.5619268635728214
KYW440,2.14483085404173
KYW441,2.023513880956357
KYW442,-0.4203808210321526
KYW443,-0.07650879505384639
KYW444,1.655117418076486
KYW445,-0.10475202900982991
KYW446,1.763993595937835
KYW447,1.369054306483787
KYW448,-0.18619056546833673
KYW449,-0.05860624554090724
KYW450,1.101048360420954
KYW451,0.7199808613854183
KYW452,1.6883047371077384
KYW453,0.3400956615014687
KYW454,-0.20310300502032172
KYW455,1.4228401042036392
KYW456,1.3834345634739023
KYW457,2.8565350838514574
KYW458,-0.41572623314131824
KYW459,0.9466001406756139
KYW460,1.1758759059807753
KYW461,2.040284977588052
KYW462,-0.27619103760430763
KYW463,0.8788515562784006
KYW464,3.6005055499046295
KYW465,-0.9186295231254193
KYW466,-1.2907599506027947
KYW467,-0.667092242245634
KYW468,-0.5645693919391275
KYW469,0.5647027848042081
KYW470,0.9144098165810326
KYW471,0.4873350032479298
KYW472,0.04485968542519193
KYW473,1.1705096316322248
KYW474,0.695726180812307
KYW475,-0.40045671488810847
KYW476,-0.6175849430297339
KYW477,0.7254926916910608
KYW478,-0.4708868513692937
KYW479,0.8819563329334013
KYW480,0.7787258489728982
KYW481,3.1807648073908257
KYW482,1.3131288055606065
KYW483,0.8662006588155472
KYW484,-0.7203807583481954
KYW485,-0.9606892038683409
KYW486,0.22006457307514132
KYW487,-0.4292246898330168
KYW488,-0.9147666172868165
KYW489,1.999419829002304
KYW490,-0.7837225091544195
KYW491,-1.1293906489258159
KYW492,-0.9000537149421071
KYW493,0.9104515267812374
KYW494,-1.1427770785458327
KYW495,1.0058933901060798
KYW496,-0.9852975879467969
KYW497,-0.571056797542481
KYW498,-0.12415643639969194
KYW499,0.9434289713591648
KYW500,1.3944179093805391
KYW501,-0.3955220794307519
KYW502,0.22317673608486377
KYW503,0.7654295000000898
KYW504,1.1493164549532566
KYW505,-0.10409045710946853
KYW506,1.4552313560102614
KYW507,0.4669793102440368
KYW508,-1.0891622910014913
KYW509,-0.847123824158333
KYW510,-1.0888369511874667
KYW511,1.6060714100346483
KYW512,-0.838075904639143
KYW513,-0.8270425257504384
KYW514,0.2687447816928602
KYW515,0.8873451953343482
KYW516,1.0263009376219427
KYW517,-1.151503926398159
KYW518,-1.2718283399876893
KYW519,0.7164625264729696
KYW520,2.1843024317733715
KYW521,-0.4355139190623971
KYW522,0.1488506030666189
KYW523,1.852761746417214
KYW524,0.535071914934844
KYW525,0.6357021752342354
KYW526,1.2911543449544152
KYW527,-0.1240747151295316
KYW528,0.23750538007272803
KYW529,0.1677697733543124
KYW530,1.951263197601132
KYW531,0.06781943955209993
KYW532,-0.8803038609847951
KYW533,-0.9023045305763739
KYW534,1.130919522257811
KYW535,0.3779838077622433
KYW536,0.36441547268496055
KYW537,0.3176134825415713
KYW538,0.7625804577999252
KYW539,1.5899565671978984
KYW540,-0.8257865211090039
KYW541,0.6533525729731142
KYW542,1.4689274034556699
KYW543,2.2518614385845455
KYW544,0.5119172349252122
KYW545,-0.6707983591386414
KYW546,1.9781192721953806
KYW547,0.3654717528943079
KYW548,-0.8117181306519248
KYW549,-0.8872976345684438
KYW550,-0.04499108580026978
KYW551,0.09461654312857927
KYW552,-0.5696757629178998
KYW553,1.135159181185371
KYW554,0.07086773676310484
KYW555,-0.9791166791463563
KYW556,0.6094954070046095
KYW557,0.7728316790721822
KYW558,-1.2272381009606197
KYW559,0.44997920770092803
KYW560,-0.5831915757382516
KYW561,0.17084540741622453
KYW562,0.934825458118179
KYW563,-0.29320652466082864
KYW564,1.2349637568012155
KYW565,1.4418525047180624
KYW566,1.6821593027610688
KYW567,-1.0119836532306032
KYW568,-0.9238011196064817
KYW569,-0.33324039411070694
KYW570,-1.343218709976345
KYW571,-0.46340042485827393
KYW572,-0.9564563589077295
KYW573,-1.360997450014597
KYW574,0.11201606841780888
KYW575,0.2252102844236974
KYW576,-0.6156596597854209
KYW577,-0.1488936853769627
KYW578,-0.46105588027766786
KYW579,0.09864922421205641
KYW580,-0.626216128836547
KYW581,-0.6071997743024166
KYW582,-0.8565925393254283
KYW583,-0.25749547020602315
KYW584,0.2725359634907274
KYW585,2.717523817613735
KYW586,-0.4414841363424832
KYW587,2.6146997824555838
KYW588,0.7249923783936477
KYW589,2.915836807293891
KYW590,-0.7274514073070888
KYW591,-1.1064187635383864
KYW592,-0.6142981634269096
KYW593,1.1708056047052915
KYW594,-1.032815404551937
KYW595,-0.18863618511396066
KYW596,-0.024583742851215885
KYW597,0.2985863126977636
KYW598,1.7700147490664473
KYW599,-0.8421478166291837
KYW600,-1.2090828126590867
KYW601,0.5425343961578996
KYW602,0.23699513574729572
KYW603,-0.943825493347906
KYW604,1.8252485736769177
KYW605,0.09914969481660396
KYW606,1.1090992714127526
KYW607,-0.14167956931865544
KYW608,1.2609444141888273
KYW609,-0.7215644915318028
KYW610,1.1064404923860103
KYW611,2.483210079659213
KYW612,-0.11314613474054683
KYW613,-0.24185692189529936
KYW614,-1.230713576127723
KYW615,3.634309831425571
KYW616,-0.09135334112535413
KYW617,-0.9786545356050581
KYW618,0.11481506835870466
KYW619,0.9540488325407736
KYW620,-1.1473992847720056
KYW621,-1.0462177974716538
KYW622,-1.2934771740980975
KYW623,-1.3752007554973815
KYW624,-1.0792139348053307
KYW625,-0.8553695333761323
KYW626,0.34315552316256914
KYW627,-0.45835320397998114
KYW628,0.11950025703428016
KYW629,-0.20436970450622904
KYW630,0.5676506171284568
KYW631,1.8349028534598912
KYW632,3.4261600563442816
KYW633,0.3971113420652502
KYW634,1.9481630417266422
KYW635,-0.31726547409315214
KYW636,0.05484825571884881
KYW637,1.406244461063672
KYW638,1.3225732727965205
KYW639,0.08368565740952433
KYW640,1.085427491324787
KYW641,0.41170120755814116
KYW642,0.01965608913189072
KYW643,0.18341557109994333
KYW644,-0.15710450883313018
KYW645,1.6740032610324636
KYW646,-0.6974331689107132
KYW647,2.8273384389395644
KYW648,1.8267277092445882
KYW649,-0.4463173793934079
KYW650,-0.45935098432252364
KYW651,1.5218700611093265
KYW652,0.07258519394643567
KYW653,-0.1458515160845767
KYW654,-0.9170848705519069
KYW655,0.06623869356586033
KYW656,-0.30293534758056184
KYW657,0.5611403121379075
KYW658,-0.20703824199883217
KYW659,-0.3199451115476413
KYW660,-0.15835861312805477
KYW661,-0.0504042667921482
KYW662,-0.9234797372668929
KYW663,1.3524218877743404
KYW664,2.17304855657545
KYW665,0.446295707202161
KYW666,0.507998368351301
KYW667,1.0439147032977485
KYW668,-1.3895447044481386
KYW669,0.2230780913918008
KYW670,0.4873157086395421
KYW671,0.312954185058497
KYW672,-0.4487082577947048
KYW673,-0.5367005774173927
KYW674,1.791103738523061
KYW675,1.0208617826883482
KYW676,-0.46828737745390075
KYW677,-0.10104148161665276
KYW678,-0.3874722813103816
KYW679,0.1725695368270771
KYW680,-0.5550107265578552
KYW681,1.9552903547115807
KYW682,-0.7587535208386458
KYW683,0.5089963313085548
KYW684,1.3544475302916281
KYW685,1.9786288688788713
KYW686,-0.4250436829579
KYW687,0.14627545323289634
KYW688,-0.4006357023512854
KYW689,-1.0556089315556156
KYW690,1.344093961598651
KYW691,0.8241270320313575
KYW692,-0.731327935531696
KYW693,-0.6685486163016158
KYW694,-0.22475222293921107
KYW695,0.19279915597206318
KYW696,-0.71008215115172
KYW697,-0.5931693346668405
KYW698,0.1216081484914636
KYW699,-0.16683336868119694
KYW700,2.0425422715479087
KYW701,-0.26226445743587634
KYW702,-0.818132406760554
KYW703,-0.16232558485227278
KYW704,2.433422047756603
KYW705,-0.021600374902604497
KYW706,-0.82026553921495
KYW707,0.9325650605844783
KYW708,0.08148975004021031
KYW709,-0.6211353308692442
KYW710,0.5222501485398083
KYW711,1.856567163469325
KYW712,0.11989771198064543
KYW713,-0.7146509312315761
KYW714,1.8237227364948416
KYW715,1.4205289077515884
KYW716,-0.2787195678681184
KYW717,0.28175454611709083
KYW718,2.139537256168878
KYW719,0.3593036389285375
KYW720,0.2595889388096958
KYW721,-0.524692437846542
KYW722,-1.0327231154025285
KYW723,1.033557523362311
KYW724,-0.3366544465793501
KYW725,0.9425068870366461
KYW726,0.39467479469128
KYW727,1.0686123610491367
KYW728,-0.29297857850484144
KYW729,1.078199210861723
KYW730,0.4052222072441883
KYW731,0.01816903848229265
KYW732,-0.24407755764894606
KYW733,2.7762214981570073
KYW734,0.6465661607337633
KYW735,1.007133319797438
KYW736,-0.8435399163311691
KYW737,1.8343406582355217
KYW738,0.4906812427988937
KYW739,-0.13459926407297337
KYW740,-0.6940545680347244
KYW741,-0.38721374448366475
KYW742,-0.6035552710481338
KYW743,-0.9520333203281977
KYW744,-0.19726596655427842
KYW745,0.7429181889859732
KYW746,2.303439762184417
KYW747,-0.5456903567582916
KYW748,1.4198567691739918
KYW749,0.1875149345107486
KYW750,-0.019340507454947864
KYW751,-0.02081429103670923
KYW752,-0.5954630531332161
KYW753,0.6186451540701717
KYW754,0.30402263868303403
KYW755,0.3171879718656616
KYW756,-0.4011750146532738
KYW757,1.0130571533935857
KYW758,0.5224574327602014
KYW759,-0.1599182510381457
KYW760,1.9147804361501017
KYW761,0.9543099187308632
KYW762,-0.3421423379215539
KYW763,0.46077459193217907
KYW764,0.2242869909825844
KYW765,-0.6144923905536523
KYW766,0.3019760934202403
KYW767,-0.05825129898383233
KYW768,0.17530205442281638
KYW769,-0.555993903585561
KYW770,0.7697473939020033
KYW771,0.3817568388621154
KYW772,0.0141703270245645
KYW773,-0.07415556588419264
KYW774,0.3599059648618994
KYW775,1.4901249052745031
KYW776,0.25016827211059556
KYW777,-0.23594083197338095
KYW778,-0.22216138311126798
KYW779,1.4192853602033613
KYW780,-0.7518528315616613
KYW781,-0.36257343552159205
KYW782,-0.5064990606943525
KYW783,-0.6850245696697508
KYW784,-0.7089643149769524
KYW785,-0.727003770500799
KYW786,1.5243242439550855
KYW787,0.3423578981923699
KYW788,-0.27382290187486125
KYW789,1.1111710313994014
KYW790,1.4689158468870265
KYW791,4.792428463991166
KYW792,0.5760476441910519
KYW793,1.7074876812146196
KYW794,0.3038346190693086
KYW795,-0.030994149197300588
KYW796,1.1741722899389084
KYW797,-0.48723524654727973
KYW798,1.2646995765542532
KYW799,-0.2075113984899426
KYW800,-0.49628998621449033
KYW801,0.9320095987815135
KYW802,-0.22684856255399352
KYW803,0.6088305818590981
KYW804,1.6322990786520946
KYW805,0.0007962142248989293
KYW806,1.5382493291026509
KYW807,0.9186184205372142
KYW808,1.2646515752689516
KYW809,0.6126664414804365
KYW810,3.2229585218277697
KYW811,1.3829424237699128
KYW812,0.7538758260211276
KYW813,-0.12124733103199217
KYW814,0.36426945389989523
KYW815,0.7560558580941736
KYW816,0.07131654417196534
KYW817,1.0418088751418713
KYW818,0.7678767855579364
KYW819,-0.4326250808456014
KYW820,-0.09254341708020174
KYW821,1.2727992740057887
KYW822,-0.5967212017956988
KYW823,-0.3814095291894794
KYW824,0.1002806014707717
KYW825,0.41555323340639216
KYW826,-0.43784177193032336
KYW827,0.3922040703421119
KYW828,0.18661884731157719
KYW829,0.42212287499883827
KYW830,-0.9746526807537154
KYW831,-0.27504175351596016
KYW832,0.24225805709507442
KYW833,1.6966506553795444
KYW834,0.6348429727016569
KYW835,0.24581011944336523
KYW836,0.22914866746291165
KYW837,-0.030756765396532618
KYW838,0.23185348191672572
KYW839,0.964227567418388
KYW840,1.108264037409527
KYW841,-0.3491404186987548
KYW842,1.7873418960307805
KYW843,0.32285768942823556
KYW844,0.023440449639658533
KYW845,1.2677285506449507
KYW846,0.01994756995377106
KYW847,1.898166176494686
KYW848,1.47838543717962
KYW849,0.35899579154143146
KYW850,-0.6888667094229521
KYW851,-0.3637784878945592
KYW852,0.45292101880383184
KYW853,-0.733770926777296
KYW854,-0.5163795912832646
KYW855,1.1271161635006344
KYW856,-0.5305102970980586
KYW857,0.6438362767899232
KYW858,-0.3857779623412564
KYW859,-0.22689054733201625
KYW860,0.24484292644819422
KYW861,0.946427332482121
KYW862,1.7474349783345378
KYW863,-0.2120121773286257
KYW864,0.3626964424392668
KYW865,0.5694149471714663
KYW866,0.22684501783611188
KYW867,0.2898217087444804
KYW868,-0.8955041780382539
KYW869,0.23993307816563572
KYW870,-0.39609797504061284
KYW871,0.8432789977159869
KYW872,1.3195431574272138
KYW873,-0.6683142465153347
KYW874,-0.005094950227935879
KYW875,1.3485925041329458
KYW876,0.1789665011354549
KYW877,1.0038316267322156
KYW878,0.2723279432499762
KYW879,0.08037355442850824
KYW880,0.7435426642438697
KYW881,0.4190567386774621
KYW882,2.1072571720096454
KYW883,-0.00612372239228634
KYW884,0.72377794199663
KYW885,0.852691300986098
KYW886,-0.30595059997163376
KYW887,1.3747550765557603
KYW888,0.14217674190232632
KYW889,0.34379104931858234
KYW890,0.5870484775724574
KYW891,0.37332477409133036
KYW892,-0.04328262168745291
KYW893,1.7940658220199532
KYW894,0.3429096831865783
KYW895,1.2154328211195635
KYW896,-0.6974667589252075
KYW897,1.5583788660598816
KYW898,-0.7294490879199887
KYW899,-0.09689129662216954
KYW900,-0.7059879021289001
KYW901,0.6363322010116532
KYW902,1.550087335797495
KYW903,1.292283834915316
KYW904,0.1242877976501228
KYW905,-0.27580264447194014
KYW906,0.5732521467136049
KYW907,0.11000011598339539
KYW908,0.2001684217452816
KYW909,0.5494329780687243
KYW910,0.5030448610017633
KYW911,0.9660959320189494
KYW912,0.08996594041912906
KYW913,-0.1511474015097648
KYW914,-0.7761795149116809
KYW915,0.050925257442359734
KYW916,1.6661978503771402
KYW917,1.7427408726886937
KYW918,-0.15119132167075344
KYW919,0.38160223698578344
KYW920,-0.5675258282054844
KYW921,0.21736548413620632
KYW922,0.4642513523073041
KYW923,0.1414156294750127
KYW924,1.3584061908605451
KYW925,0.08965184207782603
KYW926,0.26426128717690667
KYW927,-0.5220892874826832
KYW928,0.617365252537211
KYW929,0.7790756650674128
KYW930,0.9252704414434613
KYW931,-0.1982227994099828
KYW932,-0.4162283759998042
KYW933,0.48409745603918325
KYW934,-0.027222289740402653
KYW935,0.7910977559569508
KYW936,1.1667391239642821
KYW937,1.5558231598294532
KYW938,-0.024453361943730823
KYW939,0.01653101380436292
KYW940,1.3790671604367557
KYW941,0.6490402002368344
KYW942,0.1318682093675253
KYW943,0.33643373001554555
KYW944,0.889992703904148
KYW945,0.5797207886233957
KYW946,-0.3183342997331928
KYW947,-0.03677312696795934
KYW948,1.176196243749289
KYW949,0.6774742317807468
KYW950,0.41504817335618016
KYW951,0.7378232251611311
KYW952,0.10463424152865745
KYW953,-0.04305136102241196
KYW954,-0.04790681007174073
KYW955,1.5130857071159431
KYW956,0.12755713877660313
KYW957,0.8486490301353953
KYW958,1.4802706097849199
KYW959,0.30794767507106396
KYW960,-0.564617725279171
KYW961,0.6236218406483411
KYW962,-0.5235437445500117
KYW963,1.9441715656355207
KYW964,-1.1432004875014043
KYW965,2.2753837160951766
KYW966,-0.5360312587772607
KYW967,-0.6728277693537278
KYW968,0.062107994798704255
KYW969,-0.3077102416146147
KYW970,-1.0952666904481498
KYW971,0.4090879308880633
KYW972,0.4729904472978038
KYW973,1.9217639890083957
KYW974,0.25546655887375785
KYW975,-0.7272810323661494
KYW976,0.5659976947128255
KYW977,0.5737369409517991
KYW978,-0.36632980047340935
KYW979,-0.9172185136459134
KYW980,1.6874475516477114
KYW981,0.17860102836282574
KYW982,-0.2620017574379627
KYW983,-0.6564151632771456
KYW984,0.6261001497293713
KYW985,-0.2599660868089533
KYW986,0.2262923751394964
KYW987,-0.02938369109366773
KYW988,0.5031486605808543
KYW989,0.4343070835910796
KYW990,0.9784246346158463
KYW991,1.204889181809179
KYW992,0.5571205201223866
KYW993,-0.254965100974178
KYW994,0.023237275936095207
KYW995,-0.070781915150818
KYW996,-0.708448758594761
KYW997,-0.5797685481982953
KYW998,1.5612565211297713
KYW999,0.5611373472765846
KYW1000,-0.6386850122051708
KYW1001,0.7733625648400744
KYW1002,0.19432763484029195
KYW1003,-0.23853787305880345
KYW1004,1.6542377275819564
KYW1005,1.6536632187971216
KYW1006,-0.30221408159570773
KYW1007,0.9310168320109808
KYW1008,3.6765437749085166
KYW1009,-0.7521786908129854
KYW1010,1.2008568027197164
KYW1011,0.6089849442114762
KYW1012,-0.01132512696553889
KYW1013,0.3619537473294358
KYW1014,0.3095579981308897
KYW1015,0.41446734926384043
KYW1016,1.433933367533883
KYW1017,-1.010020710958572
KYW1018,1.0847438246860488
KYW1019,-1.2399536384798575
KYW1020,-0.727346699650048
KYW1021,-0.03393920632990846
KYW1022,0.5048935714118188
KYW1023,-0.19101366215831797
KYW1024,1.4484027807947497
KYW1025,0.7961041601205195
KYW1026,-0.2847685275881725
KYW1027,1.831199270187047
KYW1028,-0.2621265644384264
KYW1029,-0.2308153492600718
KYW1030,-0.7273612923798032
KYW1031,-1.063172834076536
KYW1032,-0.3189535137072729
KYW1033,1.0567192438154875
KYW1034,1.686847035282064
KYW1035,1.7323632206426898
KYW1036,-0.7704419815273147
KYW1037,-0.22052201077386957
KYW1038,-0.3912084842308537
KYW1039,-0.9814603319426416
KYW1040,-0.6163992484441403
KYW1041,0.6225498009778143
KYW1042,-0.3264546732865914
KYW1043,1.4852061858255154
KYW1044,-0.6280861768455114
KYW1045,0.8561479429497966
KYW1046,1.0588480428031848
KYW1047,1.9443482230921998
KYW1048,-0.15482490817395975
KYW1049,0.7374755453535988
KYW1050,-0.12794183170403492
KYW1051,0.6299462910850052
KYW1052,0.30240471254972656
KYW1053,1.44457197157226
KYW1054,2.244652037171071
KYW1055,-0.053109926301664945
KYW1056,0.06492463340741253
KYW1057,2.4745510071124177
KYW1058,1.8872821776158406
KYW1059,1.1896653519763105
KYW1060,0.0025903625247514495
KYW1061,0.17728996122058893
KYW1062,1.2294535723154045
KYW1063,-0.3515084105882204
KYW1064,-1.0926863112105392
KYW1065,-0.8910860286881694
KYW1066,1.2494326123114052
KYW1067,1.1989225713625338
KYW1068,-1.1036741581664258
KYW1069,0.8158463693743042
KYW1070,-0.8028728776325047
KYW1071,0.12016949851246189
KYW1072,0.07362372747818315
KYW1073,-0.41665158977169925
KYW1074,-0.10769459891769659
KYW1075,-0.19263888197504442
KYW1076,0.10878984379569666
KYW1077,0.884304597136569
KYW1078,-0.16958100627148479
KYW1079,-0.5116181657256832
KYW1080,-0.4926686772273173
KYW1081,0.5633384776996073
KYW1082,4.462872980667196
KYW1083,0.3089797193360383
KYW1084,0.18904567147520113
KYW1085,0.6894525060395302
KYW1086,-0.5623217940915816
KYW1087,1.6660889689463114
KYW1088,0.9412058540994849
KYW1089,-0.49837667621801546
KYW1090,-0.6871865296223763
KYW1091,-0.3394205170907226
KYW1092,-0.3698542241547672
KYW1093,1.3187677007121141
KYW1094,0.2382250471691312
KYW1095,0.40637807014044347
KYW1096,1.1499098738528761
KYW1097,0.49950914455518947
KYW1098,-1.0002314283539353
KYW1099,-0.4553661495980803
KYW1100,0.7215014721876253
KYW1101,-0.1282070815045738
KYW1102,-0.1346396304138367
KYW1103,0.6068996443545411
KYW1104,-0.36269441661262614
KYW1105,-0.9552253218325348
KYW1106,-0.11154199009517127
KYW1107,-0.1703584391720521
KYW1108,-0.9373853402569554
KYW1109,0.9250187062035574
KYW1110,-0.45053464498481466
KYW1111,-0.3396344380868518
KYW1112,0.1226445468066724
KYW1113,0.06916890553796287
KYW1114,-0.5146185807794275
KYW1115,-0.09048711579941511
KYW1116,0.6210526194271581
KYW1117,-0.40375254655555315
KYW1118,1.7949822699288271
KYW1119,0.42451284328369754
KYW1120,-0.25607689683865953
KYW1121,-0.5488850536449934
KYW1122,-0.6737227831919489
KYW1123,2.2705333308540943
KYW1124,1.9854304866397419
KYW1125,0.6972649292044794
KYW1126,-0.08056023693851029
KYW1127,-0.5439265572914851
KYW1128,1.2188621054906057
KYW1129,0.21832447941732092
KYW1130,1.7816438846852063
KYW1131,1.688216452825586
KYW1132,0.6728797901796695
KYW1133,-0.8034725366964038
KYW1134,-0.7721625393633078
KYW1135,-0.7970267806007584
KYW1136,0.5085867366336733
KYW1137,0.08796668615708625
KYW1138,0.3193174660687804
KYW1139,-1.0472238699091005
KYW1140,0.010235556337019149
KYW1141,0.8507954159613965
KYW1142,1.6051064913710258
KYW1143,-0.011836855972144986
KYW1144,-0.3610446641979247
KYW1145,1.055950210597446
KYW1146,-0.41991609260773466
KYW1147,0.1900572850008814
KYW1148,0.2938206401574047
KYW1149,2.438900173321015
KYW1150,0.487171220981485
KYW1151,1.277612812892496
KYW1152,0.7836728088429538
KYW1153,0.9856990922058432
KYW1154,0.7559779535703397
KYW1155,-0.49185590810584573
KYW1156,0.6929623248900598
KYW1157,1.2261614334237607
KYW1158,-0.14880363559421228
KYW1159,-0.6463703708255151
KYW1160,-0.16440398341125595
KYW1161,-0.9453430782700385
KYW1162,-0.3679423949079746
KYW1163,-0.5725676756802591
KYW1164,-0.4615033696516728
KYW1165,-0.6331264082338695
KYW1166,0.6798797273766013
KYW1167,0.48280218913907835
KYW1168,-0.11709156501375707
KYW1169,2.111829779530995
KYW1170,3.101807588621896
KYW1171,0.17597264992382455
KYW1172,-0.2500104618010749
KYW1173,0.7560376237631102
KYW1174,0.13257320995567745
KYW1175,0.9385660175466058
KYW1176,1.360545535765326
KYW1177,-0.07569235921644263
KYW1178,-0.7275772647801813
KYW1179,0.27657922302237536
KYW1180,0.44694963504607665
KYW1181,0.6387198581116598
KYW1182,0.43957991952825914
KYW1183,-0.7275845611450589
KYW1184,-0.5427033261466058
KYW1185,-0.72758747969101
KYW1186,0.02107450426898616
KYW1187,-0.6190588821616324
KYW1188,-0.5961920862965745
KYW1189,1.8118596404085
KYW1190,-0.40318913443121496
KYW1191,-0.2904859768439655
KYW1192,-0.530214034911725
KYW1193,0.4184700334764916
